"DateTime","Messages"
"2020-03-23 20:00:00",69
"2020-03-24 20:00:00",115
"2020-03-25 20:00:00",120
"2020-03-26 20:00:00",179
"2020-03-27 20:00:00",186
"2020-03-28 20:00:00",336
"2020-03-29 20:00:00",103
"2020-03-30 20:00:00",167
"2020-03-31 20:00:00",129
"2020-04-01 20:00:00",159
"2020-04-02 20:00:00",65
"2020-04-03 20:00:00",110
"2020-04-04 20:00:00",119
"2020-04-05 20:00:00",89
"2020-04-06 20:00:00",122
"2020-04-07 20:00:00",186
"2020-04-08 20:00:00",126
"2020-04-09 20:00:00",130
"2020-04-10 20:00:00",160
"2020-04-11 20:00:00",185
"2020-04-12 20:00:00",159
"2020-04-13 20:00:00",636
"2020-04-14 20:00:00",1692
"2020-04-15 20:00:00",1363
"2020-04-16 20:00:00",6718
"2020-04-17 20:00:00",3930
"2020-04-18 20:00:00",1879
"2020-04-19 20:00:00",303
"2020-04-20 20:00:00",322
"2020-04-21 20:00:00",582
"2020-04-22 20:00:00",344
"2020-04-23 20:00:00",242
"2020-04-24 20:00:00",110
"2020-04-25 20:00:00",154
"2020-04-26 20:00:00",100
"2020-04-27 20:00:00",147
"2020-04-28 20:00:00",113
"2020-04-29 20:00:00",84
"2020-04-30 20:00:00",84
"2020-05-01 20:00:00",121
"2020-05-02 20:00:00",208
"2020-05-03 20:00:00",59
"2020-05-04 20:00:00",111
"2020-05-05 20:00:00",58
"2020-05-06 20:00:00",76
"2020-05-07 20:00:00",43
"2020-05-08 20:00:00",40
"2020-05-09 20:00:00",36
"2020-05-10 20:00:00",38
"2020-05-11 20:00:00",37
"2020-05-12 20:00:00",29
"2020-05-13 20:00:00",62
"2020-05-14 20:00:00",73
"2020-05-15 20:00:00",52
"2020-05-16 20:00:00",79
"2020-05-17 20:00:00",23
"2020-05-18 20:00:00",50
"2020-05-19 20:00:00",42
"2020-05-20 20:00:00",30
"2020-05-21 20:00:00",52
"2020-05-22 20:00:00",15
"2020-05-23 20:00:00",130
"2020-05-24 20:00:00",10
"2020-05-25 20:00:00",3
"2020-05-26 20:00:00",9
"2020-06-01 20:00:00",3
"2020-06-06 20:00:00",2
"2020-06-09 20:00:00",4
"2020-06-10 20:00:00",55
"2020-06-11 20:00:00",2
"2020-06-16 20:00:00",25
"2020-06-20 20:00:00",26
"2020-06-21 20:00:00",12
"2020-06-25 20:00:00",6
"2020-06-26 20:00:00",10
"2020-06-27 20:00:00",4
"2020-06-28 20:00:00",14
"2020-07-01 20:00:00",6
"2020-07-02 20:00:00",13
"2020-07-03 20:00:00",27
"2020-07-04 20:00:00",4
"2020-07-05 20:00:00",5
"2020-07-06 20:00:00",22
"2020-07-07 20:00:00",1
"2020-07-08 20:00:00",10
"2020-07-09 20:00:00",161
"2020-07-10 20:00:00",17
"2020-07-11 20:00:00",5
"2020-07-12 20:00:00",10
"2020-07-13 20:00:00",38
"2020-07-14 20:00:00",2
"2020-07-15 20:00:00",5
"2020-07-16 20:00:00",3
"2020-07-17 20:00:00",3
"2020-07-19 20:00:00",4
"2020-07-22 20:00:00",2
"2020-07-24 20:00:00",1
"2020-07-26 20:00:00",1
"2020-07-27 20:00:00",23
"2020-07-28 20:00:00",4
"2020-07-29 20:00:00",5
"2020-07-30 20:00:00",7
"2020-07-31 20:00:00",4
"2020-08-03 20:00:00",8
"2020-08-04 20:00:00",6
"2020-08-05 20:00:00",7
"2020-08-06 20:00:00",5
"2020-08-07 20:00:00",8
"2020-08-08 20:00:00",2
"2020-08-09 20:00:00",1
"2020-08-10 20:00:00",3
"2020-08-13 20:00:00",10
"2020-08-14 20:00:00",32
"2020-08-15 20:00:00",19
"2020-08-16 20:00:00",12
"2020-08-17 20:00:00",32
"2020-08-18 20:00:00",28
"2020-08-19 20:00:00",24
"2020-08-20 20:00:00",11
"2020-08-21 20:00:00",26
"2020-08-22 20:00:00",94
"2020-08-23 20:00:00",132
"2020-08-24 20:00:00",29
"2020-08-25 20:00:00",39
"2020-08-26 20:00:00",19
"2020-08-27 20:00:00",22
"2020-08-28 20:00:00",40
"2020-08-29 20:00:00",78
"2020-08-30 20:00:00",15
"2020-08-31 20:00:00",2
"2020-09-01 20:00:00",9
"2020-09-02 20:00:00",44
"2020-09-03 20:00:00",17
"2020-09-04 20:00:00",45
"2020-09-05 20:00:00",23
"2020-09-06 20:00:00",38
"2020-09-07 20:00:00",86
"2020-09-08 20:00:00",32
"2020-09-09 20:00:00",32
"2020-09-10 20:00:00",628
"2020-09-11 20:00:00",332
"2020-09-12 20:00:00",197
"2020-09-13 20:00:00",53
"2020-09-14 20:00:00",109
"2020-09-15 20:00:00",60
"2020-09-16 20:00:00",47
"2020-09-17 20:00:00",130
"2020-09-18 20:00:00",10
"2020-09-19 20:00:00",1
"2020-09-20 20:00:00",50
"2020-09-21 20:00:00",17
"2020-09-22 20:00:00",12
"2020-09-23 20:00:00",8
"2020-09-24 20:00:00",15
"2020-09-25 20:00:00",10
"2020-09-26 20:00:00",7
"2020-09-27 20:00:00",9
"2020-09-28 20:00:00",38
"2020-09-29 20:00:00",15
"2020-09-30 20:00:00",20
"2020-10-01 20:00:00",20
"2020-10-02 20:00:00",16
"2020-10-03 20:00:00",7
"2020-10-04 20:00:00",13
"2020-10-05 20:00:00",4
"2020-10-06 20:00:00",8
"2020-10-07 20:00:00",10
"2020-10-08 20:00:00",4
"2020-10-09 20:00:00",4
"2020-10-10 20:00:00",13
"2020-10-11 20:00:00",7
"2020-10-12 20:00:00",10
"2020-10-13 20:00:00",4
"2020-10-14 20:00:00",34
"2020-10-15 20:00:00",16
"2020-10-16 20:00:00",17
"2020-10-17 20:00:00",96
"2020-10-18 20:00:00",9
"2020-10-19 20:00:00",16
"2020-10-20 20:00:00",41
"2020-10-21 20:00:00",58
"2020-10-22 20:00:00",87
"2020-10-23 20:00:00",90
"2020-10-24 20:00:00",61
"2020-10-25 20:00:00",41
"2020-10-26 20:00:00",27
"2020-10-27 20:00:00",112
"2020-10-28 20:00:00",73
"2020-10-29 20:00:00",100
"2020-10-30 20:00:00",34
"2020-10-31 20:00:00",43
"2020-11-01 19:00:00",44
"2020-11-02 19:00:00",24
"2020-11-03 19:00:00",22
"2020-11-04 19:00:00",38
"2020-11-05 19:00:00",72
"2020-11-06 19:00:00",30
"2020-11-07 19:00:00",26
"2020-11-08 19:00:00",16
"2020-11-09 19:00:00",8
"2020-11-10 19:00:00",15
"2020-11-11 19:00:00",42
"2020-11-12 19:00:00",33
"2020-11-13 19:00:00",20
"2020-11-14 19:00:00",23
"2020-11-15 19:00:00",15
"2020-11-16 19:00:00",10
"2020-11-17 19:00:00",9
"2020-11-18 19:00:00",27
"2020-11-19 19:00:00",14
"2020-11-20 19:00:00",30
"2020-11-21 19:00:00",9
"2020-11-22 19:00:00",3
"2020-11-23 19:00:00",6
"2020-11-24 19:00:00",8
"2020-11-25 19:00:00",7
"2020-11-26 19:00:00",7
"2020-11-27 19:00:00",5
"2020-11-28 19:00:00",5
"2020-11-29 19:00:00",7
"2020-11-30 19:00:00",9
"2020-12-01 19:00:00",2
"2020-12-02 19:00:00",3
"2020-12-03 19:00:00",7
"2020-12-04 19:00:00",14
"2020-12-05 19:00:00",3
"2020-12-06 19:00:00",6
"2020-12-07 19:00:00",7
"2020-12-08 19:00:00",9
"2020-12-09 19:00:00",7
"2020-12-10 19:00:00",11
"2020-12-11 19:00:00",15
"2020-12-12 19:00:00",6
"2020-12-13 19:00:00",9
"2020-12-14 19:00:00",8
"2020-12-15 19:00:00",52
"2020-12-16 19:00:00",105
"2020-12-17 19:00:00",34
"2020-12-18 19:00:00",110
"2020-12-19 19:00:00",34
"2020-12-20 19:00:00",21
"2020-12-21 19:00:00",107
"2020-12-22 19:00:00",27
"2020-12-23 19:00:00",30
"2020-12-24 19:00:00",79
"2020-12-25 19:00:00",10
"2020-12-26 19:00:00",14
"2020-12-27 19:00:00",40
"2020-12-28 19:00:00",11
"2020-12-29 19:00:00",23
"2020-12-30 19:00:00",42
"2020-12-31 19:00:00",44
"2021-01-01 19:00:00",28
"2021-01-02 19:00:00",30
"2021-01-03 19:00:00",38
"2021-01-04 19:00:00",43
"2021-01-05 19:00:00",115
"2021-01-06 19:00:00",81
"2021-01-07 19:00:00",20
"2021-01-08 19:00:00",22
"2021-01-09 19:00:00",38
"2021-01-10 19:00:00",27
"2021-01-11 19:00:00",23
"2021-01-12 19:00:00",25
"2021-01-13 19:00:00",16
"2021-01-14 19:00:00",10
"2021-01-15 19:00:00",23
"2021-01-16 19:00:00",12
"2021-01-17 19:00:00",34
"2021-01-18 19:00:00",43
"2021-01-19 19:00:00",30
"2021-01-20 19:00:00",44
"2021-01-21 19:00:00",17
"2021-01-22 19:00:00",40
"2021-01-23 19:00:00",17
"2021-01-24 19:00:00",15
"2021-01-25 19:00:00",7
"2021-01-26 19:00:00",13
"2021-01-27 19:00:00",4
"2021-01-28 19:00:00",14
"2021-01-29 19:00:00",32
"2021-01-30 19:00:00",19
"2021-01-31 19:00:00",4
"2021-02-01 19:00:00",28
"2021-02-02 19:00:00",27
"2021-02-03 19:00:00",6
"2021-02-04 19:00:00",9
"2021-02-05 19:00:00",46
"2021-02-06 19:00:00",29
"2021-02-07 19:00:00",43
"2021-02-08 19:00:00",22
"2021-02-09 19:00:00",18
"2021-02-10 19:00:00",91
"2021-02-11 19:00:00",36
"2021-02-12 19:00:00",7
"2021-02-13 19:00:00",14
"2021-02-14 19:00:00",16
"2021-02-15 19:00:00",29
"2021-02-16 19:00:00",27
"2021-02-17 19:00:00",15
"2021-02-18 19:00:00",25
"2021-02-19 19:00:00",19
"2021-02-20 19:00:00",56
"2021-02-21 19:00:00",41
"2021-02-22 19:00:00",30
"2021-02-23 19:00:00",11
"2021-02-24 19:00:00",24
"2021-02-25 19:00:00",40
"2021-02-26 19:00:00",76
"2021-02-27 19:00:00",38
"2021-02-28 19:00:00",13
"2021-03-01 19:00:00",42
"2021-03-02 19:00:00",21
"2021-03-03 19:00:00",5
"2021-03-04 19:00:00",17
"2021-03-05 19:00:00",4
"2021-03-06 19:00:00",9
"2021-03-07 19:00:00",16
"2021-03-08 19:00:00",10
"2021-03-09 19:00:00",38
"2021-03-10 19:00:00",11
"2021-03-11 19:00:00",89
"2021-03-12 19:00:00",300
"2021-03-13 19:00:00",35
"2021-03-14 20:00:00",26
"2021-03-15 20:00:00",37
"2021-03-16 20:00:00",59
"2021-03-17 20:00:00",44
"2021-03-18 20:00:00",23
"2021-03-19 20:00:00",21
"2021-03-20 20:00:00",32
"2021-03-21 20:00:00",70
"2021-03-22 20:00:00",67
"2021-03-23 20:00:00",43
"2021-03-24 20:00:00",105
"2021-03-25 20:00:00",69
"2021-03-26 20:00:00",47
"2021-03-27 20:00:00",152
"2021-03-28 20:00:00",44
"2021-03-29 20:00:00",26
"2021-03-30 20:00:00",21
"2021-03-31 20:00:00",43
"2021-04-01 20:00:00",14
"2021-04-02 20:00:00",17
"2021-04-03 20:00:00",17
"2021-04-04 20:00:00",91
"2021-04-05 20:00:00",45
"2021-04-06 20:00:00",18
"2021-04-07 20:00:00",25
"2021-04-08 20:00:00",17
"2021-04-09 20:00:00",90
"2021-04-10 20:00:00",42
"2021-04-11 20:00:00",19
"2021-04-12 20:00:00",69
"2021-04-13 20:00:00",52
"2021-04-14 20:00:00",68
"2021-04-15 20:00:00",82
"2021-04-16 20:00:00",358
"2021-04-17 20:00:00",419
"2021-04-18 20:00:00",114
"2021-04-21 20:00:00",298
"2021-04-22 20:00:00",188
"2021-04-23 20:00:00",102
"2021-04-24 20:00:00",151
"2021-04-25 20:00:00",309
"2021-04-26 20:00:00",177
"2021-04-27 20:00:00",111
"2021-04-28 20:00:00",184
"2021-04-29 20:00:00",107
"2021-04-30 20:00:00",242
"2021-05-01 20:00:00",318
"2021-05-02 20:00:00",63
"2021-05-03 20:00:00",159
"2021-05-04 20:00:00",314
"2021-05-05 20:00:00",129
"2021-05-06 20:00:00",107
"2021-05-07 20:00:00",401